Product,Category,Store,Sales,Discount,Profit,Profit Margin,High Discount Flag,Low Margin Flag
Monitor,Technology,Store_B,456.05,0.33,18.73,4.11%,Normal,Low Margin
Printer,Technology,Store_B,986.98,0.35,98.09,9.94%,Normal,Low Margin
Router,Technology,Store_A,1480.38,0.01,104.01,7.03%,Normal,Low Margin
Desk,Furniture,Store_B,1059.97,0.57,107.35,10.13%,High Discount,Healthy
Monitor,Technology,Store_A,84.64,0.42,5.56,6.57%,High Discount,Low Margin
Webcam,Technology,Store_D,1739.73,0.3,-28.19,-1.62%,Normal,Low Margin
Keyboard,Technology,Store_C,148.08,0.56,0.53,0.36%,High Discount,Low Margin
Monitor,Technology,Store_A,1912.53,0.26,-40.5,-2.12%,Normal,Low Margin
Router,Technology,Store_D,69.78,0.59,3.57,5.12%,High Discount,Low Margin
Desk,Furniture,Store_A,1395.01,0.31,-12.3,-0.88%,Normal,Low Margin
Printer,Technology,Store_A,182.77,0.07,-1.71,-0.94%,Normal,Low Margin
Router,Technology,Store_C,1823.14,0.46,275.04,15.09%,High Discount,Healthy
Router,Technology,Store_E,939.58,0.41,141.6,15.07%,High Discount,Healthy
Keyboard,Technology,Store_E,292.3,0.46,17.08,5.84%,High Discount,Low Margin
Chair,Furniture,Store_A,694.82,0.57,88.15,12.69%,High Discount,Healthy
Desk,Furniture,Store_B,346.35,0.47,-9.17,-2.65%,High Discount,Low Margin
Mouse,Technology,Store_D,357.75,0.37,37.16,10.39%,Normal,Healthy
Router,Technology,Store_B,1897.25,0.51,154.09,8.12%,High Discount,Low Margin
Chair,Furniture,Store_B,901.59,0.4,59.56,6.61%,High Discount,Low Margin
Mouse,Technology,Store_A,1581.83,0.24,106.91,6.76%,Normal,Low Margin
Desk,Furniture,Store_A,1286.42,0.53,66.14,5.14%,High Discount,Low Margin
Laptop,Technology,Store_A,1359.32,0.13,112.63,8.29%,Normal,Low Margin
Webcam,Technology,Store_A,280.75,0.43,32.91,11.72%,High Discount,Healthy
Chair,Furniture,Store_E,483.69,0.53,-0.6,-0.12%,High Discount,Low Margin
USB Drive,Technology,Store_A,1577.77,0.44,16.94,1.07%,High Discount,Low Margin
Laptop,Technology,Store_E,1942.12,0.42,14.85,0.76%,High Discount,Low Margin
Webcam,Technology,Store_E,540.1,0.45,12.44,2.30%,High Discount,Low Margin
Keyboard,Technology,Store_A,557.71,0.28,53.74,9.64%,Normal,Low Margin
Monitor,Technology,Store_C,956.34,0.52,-5.08,-0.53%,High Discount,Low Margin
Printer,Technology,Store_D,1968,0.12,439.64,22.34%,Normal,Healthy
USB Drive,Technology,Store_B,552.54,0.08,27.49,4.98%,Normal,Low Margin
Keyboard,Technology,Store_E,825.8,0.17,4.72,0.57%,Normal,Low Margin
Desk,Furniture,Store_D,1785.13,0.32,226.35,12.68%,Normal,Healthy
Keyboard,Technology,Store_C,25.78,0.31,-0.65,-2.52%,Normal,Low Margin
Monitor,Technology,Store_B,98.74,0.49,8.41,8.52%,High Discount,Low Margin
Desk,Furniture,Store_B,1216.06,0.24,179.64,14.77%,Normal,Healthy
USB Drive,Technology,Store_E,1816.61,0.29,32.53,1.79%,Normal,Low Margin
Monitor,Technology,Store_A,492.94,0.01,-17.23,-3.50%,Normal,Low Margin
Mouse,Technology,Store_C,949.89,0.25,55.05,5.80%,Normal,Low Margin
Printer,Technology,Store_E,911.92,0.39,-8.62,-0.95%,Normal,Low Margin
USB Drive,Technology,Store_C,956.48,0.01,-8.74,-0.91%,Normal,Low Margin
Mouse,Technology,Store_A,1252.59,0.17,40.54,3.24%,Normal,Low Margin
Webcam,Technology,Store_A,950.09,0.12,44.66,4.70%,Normal,Low Margin
USB Drive,Technology,Store_E,905.99,0.03,119.07,13.14%,Normal,Healthy
Webcam,Technology,Store_A,959.09,0.29,127.64,13.31%,Normal,Healthy
Desk,Furniture,Store_D,1189.92,0.11,166.77,14.02%,Normal,Healthy
Mouse,Technology,Store_B,1083.27,0.45,1.15,0.11%,High Discount,Low Margin
Printer,Technology,Store_E,1711.19,0.51,8.58,0.50%,High Discount,Low Margin
Monitor,Technology,Store_C,118,0.33,20.36,17.25%,Normal,Healthy
Router,Technology,Store_D,1669.97,0.59,99.57,5.96%,High Discount,Low Margin
Keyboard,Technology,Store_E,1690.97,0.27,314.13,18.58%,Normal,Healthy
Laptop,Technology,Store_A,584.12,0.31,32.26,5.52%,Normal,Low Margin
Printer,Technology,Store_A,936.45,0.59,63.37,6.77%,High Discount,Low Margin
Mouse,Technology,Store_A,888.31,0.14,101.82,11.46%,Normal,Healthy
Router,Technology,Store_A,452.65,0.57,12.01,2.65%,High Discount,Low Margin
Printer,Technology,Store_C,805.66,0.03,89.46,11.10%,Normal,Healthy
Mouse,Technology,Store_D,107.89,0.27,9.91,9.19%,Normal,Low Margin
Chair,Furniture,Store_B,570.09,0.04,11.09,1.95%,Normal,Low Margin
Chair,Furniture,Store_C,1637.03,0.44,55.24,3.37%,High Discount,Low Margin
Webcam,Technology,Store_C,583.43,0.37,83.43,14.30%,Normal,Healthy
Printer,Technology,Store_B,1640.05,0.42,257.33,15.69%,High Discount,Healthy
Chair,Furniture,Store_B,1072.57,0.22,63.52,5.92%,Normal,Low Margin
Mouse,Technology,Store_A,1762.13,0.22,78.95,4.48%,Normal,Low Margin
Webcam,Technology,Store_C,1158.06,0.03,20.58,1.78%,Normal,Low Margin
Mouse,Technology,Store_E,78.74,0.21,11.66,14.81%,Normal,Healthy
Webcam,Technology,Store_B,1357.33,0.56,37.68,2.78%,High Discount,Low Margin
Printer,Technology,Store_B,108.81,0.23,24.78,22.77%,Normal,Healthy
Router,Technology,Store_D,912.18,0.5,29.19,3.20%,High Discount,Low Margin
Monitor,Technology,Store_E,1860.26,0.51,80.17,4.31%,High Discount,Low Margin
USB Drive,Technology,Store_E,347.1,0.22,43.63,12.57%,Normal,Healthy
Router,Technology,Store_B,791.95,0.38,113.22,14.30%,Normal,Healthy
Desk,Furniture,Store_A,1465.12,0.06,157.46,10.75%,Normal,Healthy
Mouse,Technology,Store_D,1766.87,0.06,162.65,9.21%,Normal,Low Margin
Desk,Furniture,Store_E,1348.47,0.03,390.41,28.95%,Normal,Healthy
Router,Technology,Store_B,531.18,0.35,-16,-3.01%,Normal,Low Margin
Webcam,Technology,Store_E,1355.72,0.26,264.12,19.48%,Normal,Healthy
USB Drive,Technology,Store_D,607.52,0.33,0.9,0.15%,Normal,Low Margin
USB Drive,Technology,Store_D,1442.49,0.31,224.02,15.53%,Normal,Healthy
Laptop,Technology,Store_C,1908.99,0.21,250.76,13.14%,Normal,Healthy
USB Drive,Technology,Store_B,1448.36,0.41,59.52,4.11%,High Discount,Low Margin
Monitor,Technology,Store_D,1728.5,0.46,238.81,13.82%,High Discount,Healthy
USB Drive,Technology,Store_C,24.17,0.01,-1.09,-4.51%,Normal,Low Margin
Router,Technology,Store_C,1440.79,0.12,37.2,2.58%,Normal,Low Margin
Laptop,Technology,Store_E,1662.58,0.43,140.65,8.46%,High Discount,Low Margin
Router,Technology,Store_E,100.31,0.23,5.64,5.62%,Normal,Low Margin
Router,Technology,Store_C,1745.76,0.4,171.4,9.82%,High Discount,Low Margin
Keyboard,Technology,Store_E,528.25,0.21,-17.34,-3.28%,Normal,Low Margin
Laptop,Technology,Store_D,1337.28,0.23,-9.51,-0.71%,Normal,Low Margin
Router,Technology,Store_A,1604.7,0.1,-7.97,-0.50%,Normal,Low Margin
Keyboard,Technology,Store_D,1332.08,0.15,18.4,1.38%,Normal,Low Margin
Keyboard,Technology,Store_C,202.72,0.36,14.37,7.09%,Normal,Low Margin
Laptop,Technology,Store_C,1200.72,0.26,189.48,15.78%,Normal,Healthy
Desk,Furniture,Store_D,1108.18,0.46,159.74,14.41%,High Discount,Healthy
Webcam,Technology,Store_E,1802.64,0.51,214.09,11.88%,High Discount,Healthy
Monitor,Technology,Store_E,820.39,0.32,10.55,1.29%,Normal,Low Margin
Webcam,Technology,Store_C,655.74,0.45,37.65,5.74%,High Discount,Low Margin
USB Drive,Technology,Store_B,1504.7,0.18,24.42,1.62%,Normal,Low Margin
Monitor,Technology,Store_E,837.1,0.25,26.72,3.19%,Normal,Low Margin
USB Drive,Technology,Store_D,1299.27,0.43,93.49,7.20%,High Discount,Low Margin
Router,Technology,Store_E,1299.97,0.23,-26.19,-2.01%,Normal,Low Margin
Mouse,Technology,Store_D,1778.32,0.35,30.47,1.71%,Normal,Low Margin
Laptop,Technology,Store_C,1205.41,0.11,297.58,24.69%,Normal,Healthy
Monitor,Technology,Store_E,1014.26,0.36,73.44,7.24%,Normal,Low Margin
Monitor,Technology,Store_D,294.97,0.52,14.99,5.08%,High Discount,Low Margin
Router,Technology,Store_C,249.16,0.52,-5.37,-2.16%,High Discount,Low Margin
Desk,Furniture,Store_B,325.56,0.43,6.79,2.09%,High Discount,Low Margin
Keyboard,Technology,Store_D,360.26,0.45,50.17,13.93%,High Discount,Healthy
Router,Technology,Store_B,1283,0.33,6.55,0.51%,Normal,Low Margin
Chair,Furniture,Store_B,1487.14,0.35,92.11,6.19%,Normal,Low Margin
Keyboard,Technology,Store_A,1069.38,0.08,-44.26,-4.14%,Normal,Low Margin
Laptop,Technology,Store_E,1661.46,0.27,142.41,8.57%,Normal,Low Margin
Keyboard,Technology,Store_D,1982.7,0.27,-61.72,-3.11%,Normal,Low Margin
Desk,Furniture,Store_B,1643.63,0.58,163.51,9.95%,High Discount,Low Margin
Keyboard,Technology,Store_A,1395.87,0.26,246.56,17.66%,Normal,Healthy
Laptop,Technology,Store_C,1074.34,0.33,162.47,15.12%,Normal,Healthy
Desk,Furniture,Store_D,908.73,0.32,30.39,3.34%,Normal,Low Margin
Webcam,Technology,Store_B,187.1,0.38,28.19,15.07%,Normal,Healthy
Monitor,Technology,Store_E,810.75,0.45,62.45,7.70%,High Discount,Low Margin
Monitor,Technology,Store_A,1822.07,0.14,126.66,6.95%,Normal,Low Margin
USB Drive,Technology,Store_B,1619.88,0.32,186.01,11.48%,Normal,Healthy
Webcam,Technology,Store_E,447.78,0.5,-10.23,-2.28%,High Discount,Low Margin
Webcam,Technology,Store_B,943.88,0.28,0.02,0.00%,Normal,Low Margin
Keyboard,Technology,Store_D,1637.11,0.17,285.08,17.41%,Normal,Healthy
Monitor,Technology,Store_D,153.42,0.39,3.32,2.16%,Normal,Low Margin
Laptop,Technology,Store_D,787.04,0.49,63.94,8.12%,High Discount,Low Margin
Printer,Technology,Store_A,1706.65,0.04,138.91,8.14%,Normal,Low Margin
Printer,Technology,Store_D,819.72,0.47,108.26,13.21%,High Discount,Healthy
Desk,Furniture,Store_E,173.68,0.49,25.1,14.45%,High Discount,Healthy
Monitor,Technology,Store_B,1094.22,0.28,204.25,18.67%,Normal,Healthy
Monitor,Technology,Store_C,1726.25,0.59,31.65,1.83%,High Discount,Low Margin
Printer,Technology,Store_E,1188.77,0.47,11.31,0.95%,High Discount,Low Margin
Monitor,Technology,Store_E,468.03,0.46,29.33,6.27%,High Discount,Low Margin
Keyboard,Technology,Store_D,780.79,0.45,-20.37,-2.61%,High Discount,Low Margin
Chair,Furniture,Store_A,911.24,0.09,-33.97,-3.73%,Normal,Low Margin
Mouse,Technology,Store_B,1166.95,0.13,145.84,12.50%,Normal,Healthy
Webcam,Technology,Store_A,1523.52,0.28,144.97,9.52%,Normal,Low Margin
USB Drive,Technology,Store_B,215.77,0.16,54.03,25.04%,Normal,Healthy
Desk,Furniture,Store_B,1781.51,0.25,27.58,1.55%,Normal,Low Margin
Chair,Furniture,Store_A,44.37,0.53,0.84,1.89%,High Discount,Low Margin
Printer,Technology,Store_E,752.7,0.49,-3.94,-0.52%,High Discount,Low Margin
Webcam,Technology,Store_B,74.29,0.38,12.49,16.81%,Normal,Healthy
Monitor,Technology,Store_A,798.09,0.51,86.91,10.89%,High Discount,Healthy
USB Drive,Technology,Store_B,1061.11,0.47,133.75,12.60%,High Discount,Healthy
Monitor,Technology,Store_C,1033.13,0.26,203.34,19.68%,Normal,Healthy
Laptop,Technology,Store_E,347.94,0.12,40.94,11.77%,Normal,Healthy
Laptop,Technology,Store_D,1298.57,0.31,96.7,7.45%,Normal,Low Margin
USB Drive,Technology,Store_B,108.66,0.44,3.99,3.67%,High Discount,Low Margin
USB Drive,Technology,Store_C,1528.58,0.26,176.71,11.56%,Normal,Healthy
Printer,Technology,Store_D,1894.36,0.4,123.89,6.54%,High Discount,Low Margin
USB Drive,Technology,Store_D,692.74,0.06,70.36,10.16%,Normal,Healthy
Keyboard,Technology,Store_B,1044.13,0.45,159.6,15.29%,High Discount,Healthy
Monitor,Technology,Store_A,770.24,0.49,115.65,15.01%,High Discount,Healthy
Chair,Furniture,Store_B,33.29,0.42,4.42,13.28%,High Discount,Healthy
Router,Technology,Store_C,784.03,0.58,70.75,9.02%,High Discount,Low Margin
USB Drive,Technology,Store_D,1587.61,0.5,149.39,9.41%,High Discount,Low Margin
Desk,Furniture,Store_B,1200.06,0.54,4.49,0.37%,High Discount,Low Margin
Laptop,Technology,Store_A,220.49,0.56,-2.84,-1.29%,High Discount,Low Margin
Keyboard,Technology,Store_B,1697.34,0.48,169.25,9.97%,High Discount,Low Margin
Webcam,Technology,Store_E,1071.55,0.4,131.85,12.30%,High Discount,Healthy
Router,Technology,Store_A,1686.61,0,-56.6,-3.36%,Normal,Low Margin
Chair,Furniture,Store_C,1168.84,0.28,231.28,19.79%,Normal,Healthy
Router,Technology,Store_D,1128.18,0.34,-13.48,-1.19%,Normal,Low Margin
USB Drive,Technology,Store_B,228.41,0.18,9.38,4.11%,Normal,Low Margin
Printer,Technology,Store_A,351.37,0.19,52.75,15.01%,Normal,Healthy
Laptop,Technology,Store_E,1944.61,0.58,7.72,0.40%,High Discount,Low Margin
Laptop,Technology,Store_A,472.4,0.54,-6.65,-1.41%,High Discount,Low Margin
Webcam,Technology,Store_E,1955.36,0.51,63.14,3.23%,High Discount,Low Margin
Printer,Technology,Store_C,1073.19,0.24,177.88,16.57%,Normal,Healthy
Monitor,Technology,Store_D,288.86,0.01,27.11,9.39%,Normal,Low Margin
Mouse,Technology,Store_C,216.62,0.05,36.74,16.96%,Normal,Healthy
Keyboard,Technology,Store_B,433.55,0.19,53.68,12.38%,Normal,Healthy
Laptop,Technology,Store_A,1852.76,0.01,-77.45,-4.18%,Normal,Low Margin
Desk,Furniture,Store_E,840.02,0.01,246.15,29.30%,Normal,Healthy
Laptop,Technology,Store_E,802.96,0.55,-12.83,-1.60%,High Discount,Low Margin
Router,Technology,Store_A,640.15,0.42,107.2,16.75%,High Discount,Healthy
Laptop,Technology,Store_A,311.18,0.19,35.91,11.54%,Normal,Healthy
Laptop,Technology,Store_B,985.95,0.08,260.43,26.41%,Normal,Healthy
Mouse,Technology,Store_C,277.49,0.31,-1.88,-0.68%,Normal,Low Margin
Mouse,Technology,Store_E,1674.25,0,203.66,12.16%,Normal,Healthy
Chair,Furniture,Store_B,753.39,0.56,3.09,0.41%,High Discount,Low Margin
Monitor,Technology,Store_C,762.11,0.25,-18.38,-2.41%,Normal,Low Margin
Desk,Furniture,Store_B,958.53,0.24,121.03,12.63%,Normal,Healthy
Laptop,Technology,Store_E,899.37,0.23,15.74,1.75%,Normal,Low Margin
Laptop,Technology,Store_A,1989.82,0.04,297.41,14.95%,Normal,Healthy
Keyboard,Technology,Store_A,1099.85,0.38,-7.28,-0.66%,Normal,Low Margin
Mouse,Technology,Store_C,194.64,0.44,7.22,3.71%,High Discount,Low Margin
Desk,Furniture,Store_D,1221.62,0.41,161.14,13.19%,High Discount,Healthy
Webcam,Technology,Store_C,320.14,0.08,30.33,9.47%,Normal,Low Margin
Chair,Furniture,Store_D,81.26,0.35,8.96,11.03%,Normal,Healthy
Monitor,Technology,Store_B,1942.07,0.34,226.37,11.66%,Normal,Healthy
Printer,Technology,Store_B,1551.61,0.52,182.7,11.77%,High Discount,Healthy
Monitor,Technology,Store_E,1960.62,0.23,96.2,4.91%,Normal,Low Margin
Router,Technology,Store_D,966.2,0.22,143.61,14.86%,Normal,Healthy
Laptop,Technology,Store_E,1073.87,0.37,193.87,18.05%,Normal,Healthy
Chair,Furniture,Store_A,353.31,0.38,45.03,12.75%,Normal,Healthy
Router,Technology,Store_D,508.88,0.28,44.5,8.74%,Normal,Low Margin
Desk,Furniture,Store_C,1680.33,0.27,209.45,12.46%,Normal,Healthy
Printer,Technology,Store_A,725.25,0.3,106.05,14.62%,Normal,Healthy
Mouse,Technology,Store_A,1657.09,0.52,130.68,7.89%,High Discount,Low Margin
Chair,Furniture,Store_C,1423.85,0.28,-45.28,-3.18%,Normal,Low Margin
Chair,Furniture,Store_A,370.8,0.56,2.96,0.80%,High Discount,Low Margin
Laptop,Technology,Store_D,1024.74,0.3,167.61,16.36%,Normal,Healthy
USB Drive,Technology,Store_E,1361.23,0.57,26.59,1.95%,High Discount,Low Margin
Chair,Furniture,Store_A,485.37,0.5,50,10.30%,High Discount,Healthy
Keyboard,Technology,Store_D,1664.76,0.22,104.2,6.26%,Normal,Low Margin
Printer,Technology,Store_B,1098.76,0.52,69.97,6.37%,High Discount,Low Margin
Printer,Technology,Store_D,347.18,0.07,-8.46,-2.44%,Normal,Low Margin
Keyboard,Technology,Store_E,1174.31,0.56,6.94,0.59%,High Discount,Low Margin
Webcam,Technology,Store_D,1999.43,0.38,353.32,17.67%,Normal,Healthy
Keyboard,Technology,Store_C,318.03,0.03,80.68,25.37%,Normal,Healthy
Keyboard,Technology,Store_E,1637.18,0.39,178.06,10.88%,Normal,Healthy
Printer,Technology,Store_B,430.47,0.58,20.05,4.66%,High Discount,Low Margin
Monitor,Technology,Store_C,1569.13,0.04,280.96,17.91%,Normal,Healthy
Printer,Technology,Store_D,1474.46,0.33,164.5,11.16%,Normal,Healthy
USB Drive,Technology,Store_E,614.97,0.45,50.39,8.19%,High Discount,Low Margin
Laptop,Technology,Store_B,665.13,0.49,-9.93,-1.49%,High Discount,Low Margin
Router,Technology,Store_C,1589.19,0.25,204.39,12.86%,Normal,Healthy
Monitor,Technology,Store_B,933.66,0.12,180.04,19.28%,Normal,Healthy
Mouse,Technology,Store_D,1467.02,0.03,423.96,28.90%,Normal,Healthy
Router,Technology,Store_B,313.01,0.35,-9.38,-3.00%,Normal,Low Margin
Laptop,Technology,Store_A,1708.06,0.27,256.31,15.01%,Normal,Healthy
USB Drive,Technology,Store_C,1427.55,0.57,92.15,6.46%,High Discount,Low Margin
USB Drive,Technology,Store_B,1815.75,0.04,177.66,9.78%,Normal,Low Margin
Mouse,Technology,Store_D,282.1,0.41,-0.89,-0.32%,High Discount,Low Margin
Monitor,Technology,Store_D,1194.17,0.01,110.16,9.22%,Normal,Low Margin
Webcam,Technology,Store_B,1206.26,0.1,80.37,6.66%,Normal,Low Margin
Keyboard,Technology,Store_D,719.85,0.27,29.42,4.09%,Normal,Low Margin
Monitor,Technology,Store_E,927.76,0.27,139.39,15.02%,Normal,Healthy
Webcam,Technology,Store_E,95.2,0.41,10.97,11.52%,High Discount,Healthy
USB Drive,Technology,Store_E,1496.8,0.55,105.18,7.03%,High Discount,Low Margin
Printer,Technology,Store_A,1107.66,0.38,191.28,17.27%,Normal,Healthy
Laptop,Technology,Store_B,134.33,0.57,4.18,3.11%,High Discount,Low Margin
Mouse,Technology,Store_A,1367.9,0.53,22.71,1.66%,High Discount,Low Margin
Laptop,Technology,Store_D,944.23,0.35,110.21,11.67%,Normal,Healthy
Desk,Furniture,Store_A,88.23,0.5,0.86,0.97%,High Discount,Low Margin
Desk,Furniture,Store_D,1939.82,0.39,71.3,3.68%,Normal,Low Margin
Monitor,Technology,Store_D,1899.24,0.05,51.62,2.72%,Normal,Low Margin
USB Drive,Technology,Store_C,1035.55,0.44,-14.96,-1.44%,High Discount,Low Margin
USB Drive,Technology,Store_E,205.47,0.06,46.28,22.52%,Normal,Healthy
Keyboard,Technology,Store_D,1514.15,0.36,37.88,2.50%,Normal,Low Margin
Keyboard,Technology,Store_C,994.02,0.42,66.62,6.70%,High Discount,Low Margin
Keyboard,Technology,Store_E,618.85,0.04,-20.7,-3.34%,Normal,Low Margin
Printer,Technology,Store_D,993.01,0.14,166.33,16.75%,Normal,Healthy
Router,Technology,Store_D,1054.44,0.55,31.17,2.96%,High Discount,Low Margin
Chair,Furniture,Store_A,1134.17,0.37,150.52,13.27%,Normal,Healthy
Router,Technology,Store_A,893.62,0.15,71.66,8.02%,Normal,Low Margin
Laptop,Technology,Store_E,1219.4,0.41,13.32,1.09%,High Discount,Low Margin
Router,Technology,Store_D,1839.09,0.36,152.55,8.29%,Normal,Low Margin
Printer,Technology,Store_B,737.29,0.3,-2.23,-0.30%,Normal,Low Margin
Laptop,Technology,Store_A,1456.92,0.59,62.24,4.27%,High Discount,Low Margin
Router,Technology,Store_E,1791.02,0.41,64.52,3.60%,High Discount,Low Margin
Printer,Technology,Store_D,922.84,0.23,191.28,20.73%,Normal,Healthy
Chair,Furniture,Store_D,898.04,0.48,-13.39,-1.49%,High Discount,Low Margin
Router,Technology,Store_B,1212.19,0.53,109.9,9.07%,High Discount,Low Margin
Printer,Technology,Store_E,1190.99,0.08,15.3,1.28%,Normal,Low Margin
Keyboard,Technology,Store_D,1617.05,0.12,87.75,5.43%,Normal,Low Margin
USB Drive,Technology,Store_A,963.44,0.13,79.99,8.30%,Normal,Low Margin
Keyboard,Technology,Store_B,1992.32,0.41,314.8,15.80%,High Discount,Healthy
USB Drive,Technology,Store_E,137.75,0.36,3.08,2.24%,Normal,Low Margin
Mouse,Technology,Store_B,26.27,0.37,-0.3,-1.14%,Normal,Low Margin
Mouse,Technology,Store_A,1287.59,0.56,34.87,2.71%,High Discount,Low Margin
Mouse,Technology,Store_E,610.9,0.47,-4.33,-0.71%,High Discount,Low Margin
Chair,Furniture,Store_B,495.96,0.08,-2.28,-0.46%,Normal,Low Margin
Keyboard,Technology,Store_C,637.56,0.21,75.98,11.92%,Normal,Healthy
USB Drive,Technology,Store_A,526.97,0.26,-11.19,-2.12%,Normal,Low Margin
Printer,Technology,Store_A,80.96,0.24,-2.41,-2.98%,Normal,Low Margin
Laptop,Technology,Store_A,1943.64,0.4,233.29,12.00%,High Discount,Healthy
Printer,Technology,Store_C,457.08,0.54,16.1,3.52%,High Discount,Low Margin
Laptop,Technology,Store_C,1473.38,0.18,-7.39,-0.50%,Normal,Low Margin
Desk,Furniture,Store_D,1529.94,0.33,39.74,2.60%,Normal,Low Margin
Printer,Technology,Store_B,1859.93,0.47,172.24,9.26%,High Discount,Low Margin
Router,Technology,Store_D,80.49,0.25,2.8,3.48%,Normal,Low Margin
Router,Technology,Store_B,1746.66,0.1,193.48,11.08%,Normal,Healthy
Monitor,Technology,Store_C,1063.91,0.28,-5.67,-0.53%,Normal,Low Margin
Keyboard,Technology,Store_C,1272.44,0.03,192.34,15.12%,Normal,Healthy
Laptop,Technology,Store_D,1296.05,0.57,33.79,2.61%,High Discount,Low Margin
Laptop,Technology,Store_E,1643.2,0.04,267.29,16.27%,Normal,Healthy
Keyboard,Technology,Store_D,680.15,0.26,117.24,17.24%,Normal,Healthy
Chair,Furniture,Store_B,1471.44,0.32,164.17,11.16%,Normal,Healthy
Monitor,Technology,Store_D,1066.58,0.59,23.4,2.19%,High Discount,Low Margin
Chair,Furniture,Store_A,1590.92,0.1,56.57,3.56%,Normal,Low Margin
Chair,Furniture,Store_B,1981.28,0.07,119.03,6.01%,Normal,Low Margin
Chair,Furniture,Store_B,417.29,0.01,3.15,0.75%,Normal,Low Margin
Keyboard,Technology,Store_E,1989.4,0.09,24.28,1.22%,Normal,Low Margin
Chair,Furniture,Store_C,197.83,0.12,39.47,19.95%,Normal,Healthy
Router,Technology,Store_B,24.59,0.38,1.29,5.25%,Normal,Low Margin
Mouse,Technology,Store_C,107.44,0.13,9.59,8.93%,Normal,Low Margin
Desk,Furniture,Store_D,696.73,0.01,108.93,15.63%,Normal,Healthy
Laptop,Technology,Store_A,1273.15,0.5,99.55,7.82%,High Discount,Low Margin
Laptop,Technology,Store_E,156.68,0.22,-3.23,-2.06%,Normal,Low Margin
Desk,Furniture,Store_C,31.22,0.21,5.94,19.03%,Normal,Healthy
Keyboard,Technology,Store_B,1875.44,0.18,18.55,0.99%,Normal,Low Margin
Printer,Technology,Store_C,1647.41,0.59,137.16,8.33%,High Discount,Low Margin
Keyboard,Technology,Store_B,1622.18,0.1,321.83,19.84%,Normal,Healthy
Laptop,Technology,Store_C,1771.16,0.54,163.12,9.21%,High Discount,Low Margin
Laptop,Technology,Store_B,1406.07,0.47,113.75,8.09%,High Discount,Low Margin
Desk,Furniture,Store_D,226.72,0.05,-9.67,-4.27%,Normal,Low Margin
Chair,Furniture,Store_B,810.22,0.59,25.29,3.12%,High Discount,Low Margin
Keyboard,Technology,Store_B,1451.84,0.16,197.19,13.58%,Normal,Healthy
USB Drive,Technology,Store_A,575.06,0.06,46.28,8.05%,Normal,Low Margin
Desk,Furniture,Store_B,1381.06,0.5,174.16,12.61%,High Discount,Healthy
Router,Technology,Store_A,68.51,0.42,2.31,3.37%,High Discount,Low Margin
Laptop,Technology,Store_E,626.15,0.37,20.8,3.32%,Normal,Low Margin
Desk,Furniture,Store_A,1107.28,0.09,43.43,3.92%,Normal,Low Margin
Keyboard,Technology,Store_D,1271.54,0.29,60.01,4.72%,Normal,Low Margin
Laptop,Technology,Store_A,1162.54,0.47,89.4,7.69%,High Discount,Low Margin
Printer,Technology,Store_E,1401.56,0.18,226.93,16.19%,Normal,Healthy
Desk,Furniture,Store_D,32.06,0.19,4.72,14.72%,Normal,Healthy
Monitor,Technology,Store_C,219.86,0,51.16,23.27%,Normal,Healthy
Laptop,Technology,Store_C,1740.51,0.1,407.39,23.41%,Normal,Healthy
Keyboard,Technology,Store_A,1369.86,0.53,151.71,11.07%,High Discount,Healthy
Mouse,Technology,Store_A,243.6,0.27,-7.71,-3.17%,Normal,Low Margin
USB Drive,Technology,Store_E,1687.31,0.59,143.6,8.51%,High Discount,Low Margin
Webcam,Technology,Store_E,499.62,0.24,8.71,1.74%,Normal,Low Margin
Chair,Furniture,Store_B,966.95,0.43,-1.92,-0.20%,High Discount,Low Margin
Webcam,Technology,Store_E,307.49,0.17,44.27,14.40%,Normal,Healthy
Keyboard,Technology,Store_B,1426.02,0.22,68.86,4.83%,Normal,Low Margin
Router,Technology,Store_D,1340.37,0.11,-35.8,-2.67%,Normal,Low Margin
Router,Technology,Store_A,438,0.21,-0.63,-0.14%,Normal,Low Margin
Mouse,Technology,Store_D,1729.53,0.33,-57.56,-3.33%,Normal,Low Margin
Chair,Furniture,Store_E,814.59,0.6,86.71,10.64%,High Discount,Healthy
Monitor,Technology,Store_D,599.18,0.4,-14.88,-2.48%,High Discount,Low Margin
Mouse,Technology,Store_D,321.61,0.12,6.6,2.05%,Normal,Low Margin
Webcam,Technology,Store_D,547.01,0.03,50.77,9.28%,Normal,Low Margin
Mouse,Technology,Store_E,63.61,0.08,4.38,6.89%,Normal,Low Margin
Webcam,Technology,Store_D,1174.85,0.34,208.66,17.76%,Normal,Healthy
Laptop,Technology,Store_B,1687.62,0.46,-32.72,-1.94%,High Discount,Low Margin
Router,Technology,Store_E,1106.98,0.56,62.97,5.69%,High Discount,Low Margin
Laptop,Technology,Store_D,454.16,0.01,84.6,18.63%,Normal,Healthy
USB Drive,Technology,Store_E,86.66,0.31,16.51,19.05%,Normal,Healthy
Chair,Furniture,Store_C,444.96,0.28,53.54,12.03%,Normal,Healthy
Monitor,Technology,Store_B,843.92,0.39,119.08,14.11%,Normal,Healthy
Webcam,Technology,Store_D,1524.03,0.34,-20.82,-1.37%,Normal,Low Margin
Monitor,Technology,Store_C,391.93,0.41,19.67,5.02%,High Discount,Low Margin
Webcam,Technology,Store_C,1445.19,0.39,71.3,4.93%,Normal,Low Margin
Keyboard,Technology,Store_E,1736.53,0.07,420.22,24.20%,Normal,Healthy
Mouse,Technology,Store_C,918.81,0.48,1.42,0.15%,High Discount,Low Margin
USB Drive,Technology,Store_B,1646.44,0.07,4.84,0.29%,Normal,Low Margin
Router,Technology,Store_B,1118.22,0.42,42.15,3.77%,High Discount,Low Margin
Webcam,Technology,Store_A,1281.44,0.25,-29.73,-2.32%,Normal,Low Margin
Monitor,Technology,Store_B,1062.03,0.31,10.16,0.96%,Normal,Low Margin
USB Drive,Technology,Store_C,937.08,0.54,124.07,13.24%,High Discount,Healthy
Printer,Technology,Store_B,484.61,0.53,22.75,4.69%,High Discount,Low Margin
Printer,Technology,Store_E,620.32,0.49,54.16,8.73%,High Discount,Low Margin
Laptop,Technology,Store_A,594.14,0.31,83.69,14.09%,Normal,Healthy
Router,Technology,Store_C,1135.31,0.44,49.87,4.39%,High Discount,Low Margin
Keyboard,Technology,Store_A,257.51,0.31,0.27,0.10%,Normal,Low Margin
Monitor,Technology,Store_C,1835.25,0.52,19.65,1.07%,High Discount,Low Margin
Mouse,Technology,Store_E,1446.9,0.24,65.59,4.53%,Normal,Low Margin
Mouse,Technology,Store_A,814.86,0.58,59.08,7.25%,High Discount,Low Margin
Monitor,Technology,Store_D,334.08,0.56,13.14,3.93%,High Discount,Low Margin
Chair,Furniture,Store_C,1766.34,0.44,-47.1,-2.67%,High Discount,Low Margin
Keyboard,Technology,Store_D,1651.08,0.17,182.53,11.06%,Normal,Healthy
USB Drive,Technology,Store_A,1449.01,0.08,363.31,25.07%,Normal,Healthy
Webcam,Technology,Store_D,557.66,0.51,64,11.48%,High Discount,Healthy
Chair,Furniture,Store_D,816.84,0.1,175.57,21.49%,Normal,Healthy
Webcam,Technology,Store_A,223.44,0.51,24.99,11.18%,High Discount,Healthy
Webcam,Technology,Store_E,394.3,0.29,17.72,4.49%,Normal,Low Margin
Chair,Furniture,Store_D,1570.37,0.24,259.96,16.55%,Normal,Healthy
Laptop,Technology,Store_D,1435.78,0.54,0.07,0.00%,High Discount,Low Margin
Printer,Technology,Store_E,1195.1,0.36,137.83,11.53%,Normal,Healthy
Webcam,Technology,Store_D,1793.54,0.35,203.49,11.35%,Normal,Healthy
Chair,Furniture,Store_D,1174.87,0.34,-31.83,-2.71%,Normal,Low Margin
Chair,Furniture,Store_D,944.6,0.22,166.36,17.61%,Normal,Healthy
Desk,Furniture,Store_B,693.93,0.47,97.88,14.11%,High Discount,Healthy
Laptop,Technology,Store_E,1882.09,0.15,69.74,3.71%,Normal,Low Margin
Router,Technology,Store_D,183.78,0.56,18.95,10.31%,High Discount,Healthy
Desk,Furniture,Store_E,1863.16,0.54,-18.13,-0.97%,High Discount,Low Margin
Desk,Furniture,Store_C,1656.9,0.2,212.07,12.80%,Normal,Healthy
Monitor,Technology,Store_C,277.26,0.44,18.63,6.72%,High Discount,Low Margin
Printer,Technology,Store_D,1138.67,0.34,106.02,9.31%,Normal,Low Margin
Chair,Furniture,Store_E,1735.77,0.2,380.72,21.93%,Normal,Healthy
Printer,Technology,Store_E,1152.18,0.59,120.44,10.45%,High Discount,Healthy
Keyboard,Technology,Store_E,1816.26,0.02,400.09,22.03%,Normal,Healthy
Monitor,Technology,Store_B,1887.11,0.15,73.46,3.89%,Normal,Low Margin
Router,Technology,Store_C,856.32,0.31,159.02,18.57%,Normal,Healthy
Printer,Technology,Store_E,767.08,0.31,-8.4,-1.10%,Normal,Low Margin
Mouse,Technology,Store_E,1873.92,0.35,302.89,16.16%,Normal,Healthy
Webcam,Technology,Store_B,1356.78,0.45,48.4,3.57%,High Discount,Low Margin
Keyboard,Technology,Store_B,249.72,0.37,-4.91,-1.97%,Normal,Low Margin
Laptop,Technology,Store_E,103.74,0.36,12.23,11.79%,Normal,Healthy
Router,Technology,Store_A,1137.97,0.03,34.16,3.00%,Normal,Low Margin
Keyboard,Technology,Store_E,1861.74,0.23,50.53,2.71%,Normal,Low Margin
Webcam,Technology,Store_E,1691.61,0.14,83.09,4.91%,Normal,Low Margin
Monitor,Technology,Store_B,1358.18,0.16,-31.61,-2.33%,Normal,Low Margin
Webcam,Technology,Store_B,295.45,0.33,2.37,0.80%,Normal,Low Margin
Desk,Furniture,Store_E,523.38,0.12,-22.2,-4.24%,Normal,Low Margin
Webcam,Technology,Store_E,1753.51,0.18,152.26,8.68%,Normal,Low Margin
Desk,Furniture,Store_E,381.96,0.14,-6.74,-1.76%,Normal,Low Margin
Monitor,Technology,Store_B,571.31,0.57,46.41,8.12%,High Discount,Low Margin
USB Drive,Technology,Store_E,276.61,0.57,3.86,1.40%,High Discount,Low Margin
Desk,Furniture,Store_E,1358.69,0.37,239.89,17.66%,Normal,Healthy
Laptop,Technology,Store_D,1889.08,0.55,216.72,11.47%,High Discount,Healthy
Webcam,Technology,Store_A,552.56,0.47,15.02,2.72%,High Discount,Low Margin
Webcam,Technology,Store_C,961.31,0.35,140.05,14.57%,Normal,Healthy
Laptop,Technology,Store_A,1275.99,0,294.93,23.11%,Normal,Healthy
Mouse,Technology,Store_D,1998.94,0.46,318.75,15.95%,High Discount,Healthy
Chair,Furniture,Store_C,227.52,0.42,21.01,9.23%,High Discount,Low Margin
USB Drive,Technology,Store_E,1007.17,0.37,-13.52,-1.34%,Normal,Low Margin
Router,Technology,Store_D,782.54,0.46,74.54,9.53%,High Discount,Low Margin
Desk,Furniture,Store_E,1734.32,0.31,201.93,11.64%,Normal,Healthy
Laptop,Technology,Store_B,962.42,0.42,96.81,10.06%,High Discount,Healthy
Monitor,Technology,Store_D,239.74,0.56,6.07,2.53%,High Discount,Low Margin
Desk,Furniture,Store_B,1276.16,0.23,246.53,19.32%,Normal,Healthy
Chair,Furniture,Store_D,1546.15,0.42,256.31,16.58%,High Discount,Healthy
Monitor,Technology,Store_D,25.7,0.29,0.48,1.87%,Normal,Low Margin
Keyboard,Technology,Store_B,1720.73,0.4,-19.77,-1.15%,High Discount,Low Margin
Webcam,Technology,Store_C,388.33,0.46,3.79,0.98%,High Discount,Low Margin
Keyboard,Technology,Store_A,1113.1,0.03,256.1,23.01%,Normal,Healthy
Desk,Furniture,Store_E,843.28,0.39,96.1,11.40%,Normal,Healthy
Chair,Furniture,Store_D,1444.91,0.14,214.5,14.85%,Normal,Healthy
USB Drive,Technology,Store_E,754.9,0.4,41.05,5.44%,High Discount,Low Margin
Desk,Furniture,Store_B,1742.13,0.28,190.96,10.96%,Normal,Healthy
Laptop,Technology,Store_E,1466.38,0.46,45.73,3.12%,High Discount,Low Margin
Printer,Technology,Store_B,1302.47,0.07,141.75,10.88%,Normal,Healthy
Desk,Furniture,Store_E,1596.56,0.38,225.27,14.11%,Normal,Healthy
Webcam,Technology,Store_A,1512.97,0.17,368.48,24.35%,Normal,Healthy
Webcam,Technology,Store_A,91.16,0.51,12.35,13.55%,High Discount,Healthy
Desk,Furniture,Store_A,801.57,0.56,97.64,12.18%,High Discount,Healthy
Monitor,Technology,Store_A,1863,0.6,67.65,3.63%,High Discount,Low Margin
Printer,Technology,Store_A,268.93,0.48,15.95,5.93%,High Discount,Low Margin
Laptop,Technology,Store_A,1479.45,0.45,160.28,10.83%,High Discount,Healthy
Desk,Furniture,Store_B,1949.69,0.13,462.68,23.73%,Normal,Healthy
Monitor,Technology,Store_D,123.35,0.2,-0.03,-0.02%,Normal,Low Margin
Webcam,Technology,Store_E,1370.74,0.28,55.75,4.07%,Normal,Low Margin
Webcam,Technology,Store_A,946.95,0.46,-0.65,-0.07%,High Discount,Low Margin
Chair,Furniture,Store_B,1166.77,0.55,86.21,7.39%,High Discount,Low Margin
Desk,Furniture,Store_B,188.98,0.11,9.62,5.09%,Normal,Low Margin
Printer,Technology,Store_B,105.15,0.55,3.03,2.88%,High Discount,Low Margin
Mouse,Technology,Store_D,1340.4,0.42,-19.58,-1.46%,High Discount,Low Margin
Printer,Technology,Store_E,1650.15,0.37,75.3,4.56%,Normal,Low Margin
Webcam,Technology,Store_D,1568.39,0.12,347.63,22.16%,Normal,Healthy
Webcam,Technology,Store_C,1096.74,0.03,33.59,3.06%,Normal,Low Margin
Keyboard,Technology,Store_B,217.74,0.34,27.78,12.76%,Normal,Healthy
Webcam,Technology,Store_C,1382.33,0.39,143.66,10.39%,Normal,Healthy
Laptop,Technology,Store_A,498.94,0.13,109.48,21.94%,Normal,Healthy
Router,Technology,Store_A,1823.92,0.33,-4.52,-0.25%,Normal,Low Margin
Desk,Furniture,Store_D,1679.77,0.51,240.47,14.32%,High Discount,Healthy
Printer,Technology,Store_E,1424.58,0.5,109.64,7.70%,High Discount,Low Margin
Router,Technology,Store_C,1898.71,0.56,249.31,13.13%,High Discount,Healthy
Monitor,Technology,Store_E,82.22,0.22,17.25,20.98%,Normal,Healthy
Mouse,Technology,Store_D,1477.68,0.19,32.95,2.23%,Normal,Low Margin
Laptop,Technology,Store_A,673.88,0.45,-11.25,-1.67%,High Discount,Low Margin
Printer,Technology,Store_E,1814.01,0.26,52.99,2.92%,Normal,Low Margin
Router,Technology,Store_E,548.02,0.05,70.1,12.79%,Normal,Healthy
Mouse,Technology,Store_A,1455.22,0.17,12.15,0.83%,Normal,Low Margin
Keyboard,Technology,Store_C,1757.74,0.25,11.35,0.65%,Normal,Low Margin
Laptop,Technology,Store_A,102.48,0.18,9.4,9.17%,Normal,Low Margin
Laptop,Technology,Store_E,807.34,0.2,-24.77,-3.07%,Normal,Low Margin
Keyboard,Technology,Store_C,1529.37,0.18,-9.2,-0.60%,Normal,Low Margin
Desk,Furniture,Store_C,920.74,0.02,86.22,9.36%,Normal,Low Margin
Keyboard,Technology,Store_A,549.16,0.38,-9.5,-1.73%,Normal,Low Margin
Laptop,Technology,Store_E,455.21,0.36,25.89,5.69%,Normal,Low Margin
Laptop,Technology,Store_D,280.41,0.39,19.83,7.07%,Normal,Low Margin
Router,Technology,Store_E,1717.12,0.12,163.11,9.50%,Normal,Low Margin
Webcam,Technology,Store_B,1159.2,0.18,241.64,20.85%,Normal,Healthy
Mouse,Technology,Store_D,171.24,0.37,14.62,8.54%,Normal,Low Margin
Keyboard,Technology,Store_C,777.51,0.36,56.62,7.28%,Normal,Low Margin
Mouse,Technology,Store_D,748.11,0.3,49.09,6.56%,Normal,Low Margin
Keyboard,Technology,Store_C,379.84,0.21,70.87,18.66%,Normal,Healthy
Monitor,Technology,Store_C,882.31,0.55,104.53,11.85%,High Discount,Healthy
Laptop,Technology,Store_D,677.56,0.2,134.77,19.89%,Normal,Healthy
Webcam,Technology,Store_C,696.77,0.27,94.48,13.56%,Normal,Healthy
Router,Technology,Store_C,1483.27,0.41,-1.68,-0.11%,High Discount,Low Margin
Webcam,Technology,Store_B,462.06,0.33,14.52,3.14%,Normal,Low Margin
Webcam,Technology,Store_E,1290.88,0.21,-34.55,-2.68%,Normal,Low Margin
Webcam,Technology,Store_E,1149.89,0.26,234.67,20.41%,Normal,Healthy
Mouse,Technology,Store_B,1144.82,0.48,107.92,9.43%,High Discount,Low Margin
Keyboard,Technology,Store_D,1332.75,0.17,233.66,17.53%,Normal,Healthy
USB Drive,Technology,Store_A,1105.8,0.09,59.42,5.37%,Normal,Low Margin
Monitor,Technology,Store_A,1760.93,0.19,350.85,19.92%,Normal,Healthy
Printer,Technology,Store_A,1357.65,0.51,27.18,2.00%,High Discount,Low Margin
Webcam,Technology,Store_B,1102.99,0.05,-51.79,-4.70%,Normal,Low Margin
Desk,Furniture,Store_B,1662.93,0.6,54.37,3.27%,High Discount,Low Margin
Mouse,Technology,Store_C,1220.17,0.32,124.26,10.18%,Normal,Healthy
Router,Technology,Store_A,596.47,0.59,28.75,4.82%,High Discount,Low Margin
Printer,Technology,Store_D,430.05,0.56,47.63,11.08%,High Discount,Healthy
USB Drive,Technology,Store_D,321.61,0.27,-3.08,-0.96%,Normal,Low Margin
Desk,Furniture,Store_A,1800.92,0.12,227.96,12.66%,Normal,Healthy
USB Drive,Technology,Store_A,1426.07,0.1,166.26,11.66%,Normal,Healthy
Printer,Technology,Store_A,1876.01,0.14,78.23,4.17%,Normal,Low Margin
Webcam,Technology,Store_B,1214.52,0.43,164.61,13.55%,High Discount,Healthy
Desk,Furniture,Store_B,957.33,0.16,171.69,17.93%,Normal,Healthy
USB Drive,Technology,Store_B,138.24,0.2,22.84,16.52%,Normal,Healthy
Router,Technology,Store_E,1349.85,0.27,252.92,18.74%,Normal,Healthy
Keyboard,Technology,Store_D,1172.77,0.55,107.12,9.13%,High Discount,Low Margin
Laptop,Technology,Store_D,1980.61,0.11,54.9,2.77%,Normal,Low Margin
Keyboard,Technology,Store_C,493.53,0,97.2,19.69%,Normal,Healthy
Printer,Technology,Store_B,1070.86,0.04,59.31,5.54%,Normal,Low Margin
Mouse,Technology,Store_E,1308.9,0.54,20.93,1.60%,High Discount,Low Margin
Laptop,Technology,Store_E,1296.29,0.39,-19.33,-1.49%,Normal,Low Margin
Monitor,Technology,Store_D,1131.36,0.16,199.96,17.67%,Normal,Healthy
Router,Technology,Store_B,1558.32,0.11,275.79,17.70%,Normal,Healthy
Monitor,Technology,Store_C,425.86,0.18,11.2,2.63%,Normal,Low Margin
Desk,Furniture,Store_B,1456.74,0.07,287.59,19.74%,Normal,Healthy
Laptop,Technology,Store_A,1247.07,0.56,148.83,11.93%,High Discount,Healthy
Monitor,Technology,Store_B,1794.23,0.47,-11.59,-0.65%,High Discount,Low Margin
Monitor,Technology,Store_A,1697.44,0.28,38.4,2.26%,Normal,Low Margin
USB Drive,Technology,Store_A,643.99,0.52,65.72,10.21%,High Discount,Healthy
Keyboard,Technology,Store_C,566.95,0.15,22.21,3.92%,Normal,Low Margin
USB Drive,Technology,Store_D,1963.67,0.43,188.75,9.61%,High Discount,Low Margin
Laptop,Technology,Store_B,1063.99,0.51,-11.26,-1.06%,High Discount,Low Margin
Laptop,Technology,Store_A,1814.71,0.21,155.22,8.55%,Normal,Low Margin
Printer,Technology,Store_B,344.48,0.45,39.54,11.48%,High Discount,Healthy
USB Drive,Technology,Store_D,1292.78,0.18,201.71,15.60%,Normal,Healthy
Chair,Furniture,Store_D,1623.52,0.18,313.22,19.29%,Normal,Healthy
Keyboard,Technology,Store_E,1895.84,0.06,458.19,24.17%,Normal,Healthy
Laptop,Technology,Store_D,687.93,0.26,112.31,16.33%,Normal,Healthy
Printer,Technology,Store_C,1455.46,0.44,150.83,10.36%,High Discount,Healthy
USB Drive,Technology,Store_A,1086.85,0.56,-18.6,-1.71%,High Discount,Low Margin
Keyboard,Technology,Store_E,140.05,0.36,12.3,8.78%,Normal,Low Margin
USB Drive,Technology,Store_C,1386.2,0.52,-24.49,-1.77%,High Discount,Low Margin
Monitor,Technology,Store_B,1386.39,0.49,164.62,11.87%,High Discount,Healthy
Printer,Technology,Store_A,1862.6,0.1,104.36,5.60%,Normal,Low Margin
Keyboard,Technology,Store_D,1004.68,0.29,104.75,10.43%,Normal,Healthy
Webcam,Technology,Store_A,475.9,0.07,21.16,4.45%,Normal,Low Margin
Desk,Furniture,Store_B,108.24,0.41,14.3,13.21%,High Discount,Healthy
Desk,Furniture,Store_E,842.97,0.57,94.34,11.19%,High Discount,Healthy
Keyboard,Technology,Store_E,617.8,0.08,50.88,8.24%,Normal,Low Margin
USB Drive,Technology,Store_E,1526.95,0.44,215.5,14.11%,High Discount,Healthy
Printer,Technology,Store_D,721.45,0.38,19.45,2.70%,Normal,Low Margin
Desk,Furniture,Store_C,1899.16,0.35,169.28,8.91%,Normal,Low Margin
Printer,Technology,Store_C,1925.37,0.23,371.47,19.29%,Normal,Healthy
Desk,Furniture,Store_A,1249.4,0.21,63.23,5.06%,Normal,Low Margin
Monitor,Technology,Store_D,1858.75,0.03,511.89,27.54%,Normal,Healthy
USB Drive,Technology,Store_E,1526.49,0.13,-9.75,-0.64%,Normal,Low Margin
Monitor,Technology,Store_E,1102.78,0.01,-47.6,-4.32%,Normal,Low Margin
Desk,Furniture,Store_B,377.01,0.35,65.29,17.32%,Normal,Healthy
Webcam,Technology,Store_B,928.02,0.06,-22.66,-2.44%,Normal,Low Margin
Webcam,Technology,Store_E,1130.53,0.52,161.26,14.26%,High Discount,Healthy
Monitor,Technology,Store_E,1730.64,0.31,337.93,19.53%,Normal,Healthy
Webcam,Technology,Store_D,973.04,0.42,-1.15,-0.12%,High Discount,Low Margin
Desk,Furniture,Store_C,1797.4,0.25,186.24,10.36%,Normal,Healthy
Keyboard,Technology,Store_B,1355.21,0.34,13.17,0.97%,Normal,Low Margin
Monitor,Technology,Store_C,291.26,0.57,12.51,4.30%,High Discount,Low Margin
Mouse,Technology,Store_D,1990.06,0.05,-53.88,-2.71%,Normal,Low Margin
USB Drive,Technology,Store_E,1063.92,0.15,25.66,2.41%,Normal,Low Margin
Webcam,Technology,Store_C,795.88,0.47,32.54,4.09%,High Discount,Low Margin
Webcam,Technology,Store_E,1325.05,0.06,128.95,9.73%,Normal,Low Margin
Laptop,Technology,Store_E,235.61,0.05,65.39,27.75%,Normal,Healthy
Chair,Furniture,Store_A,1280.35,0.22,232.44,18.15%,Normal,Healthy
Monitor,Technology,Store_C,1006.51,0.06,196.88,19.56%,Normal,Healthy
Router,Technology,Store_C,825.21,0.35,74,8.97%,Normal,Low Margin
Webcam,Technology,Store_E,1906.98,0.14,400.16,20.98%,Normal,Healthy
USB Drive,Technology,Store_D,1054.63,0.54,33.36,3.16%,High Discount,Low Margin
Mouse,Technology,Store_A,453.85,0.47,47.65,10.50%,High Discount,Healthy
Webcam,Technology,Store_E,928.75,0.42,160.43,17.27%,High Discount,Healthy
Mouse,Technology,Store_B,1840.39,0.37,69.71,3.79%,Normal,Low Margin
Desk,Furniture,Store_B,368.67,0.52,32.9,8.92%,High Discount,Low Margin
Desk,Furniture,Store_A,443.63,0.13,94.76,21.36%,Normal,Healthy
Chair,Furniture,Store_D,45.8,0.52,5.95,12.99%,High Discount,Healthy
Keyboard,Technology,Store_E,48.1,0.47,5.13,10.67%,High Discount,Healthy
Router,Technology,Store_C,1662.2,0.45,45.04,2.71%,High Discount,Low Margin
Laptop,Technology,Store_A,1469.6,0.34,62.27,4.24%,Normal,Low Margin
Chair,Furniture,Store_D,722.98,0.15,-26.26,-3.63%,Normal,Low Margin
Printer,Technology,Store_C,1402.66,0.25,227.56,16.22%,Normal,Healthy
Laptop,Technology,Store_B,802.51,0.48,-14.62,-1.82%,High Discount,Low Margin
Monitor,Technology,Store_B,1906.74,0.02,472.06,24.76%,Normal,Healthy
USB Drive,Technology,Store_C,1934.76,0.47,-8.68,-0.45%,High Discount,Low Margin
Printer,Technology,Store_A,797.73,0.14,6.97,0.87%,Normal,Low Margin
Printer,Technology,Store_B,1711.36,0.09,181.87,10.63%,Normal,Healthy
Chair,Furniture,Store_E,1550.72,0.07,300.34,19.37%,Normal,Healthy
Keyboard,Technology,Store_C,633.8,0.02,-0.84,-0.13%,Normal,Low Margin
Chair,Furniture,Store_C,479.44,0.31,34.41,7.18%,Normal,Low Margin
Monitor,Technology,Store_B,927.3,0.13,96,10.35%,Normal,Healthy
Webcam,Technology,Store_A,1567.07,0.59,15.61,1.00%,High Discount,Low Margin
Webcam,Technology,Store_E,1921.13,0.34,-12.11,-0.63%,Normal,Low Margin
Keyboard,Technology,Store_A,1531.89,0.08,342.11,22.33%,Normal,Healthy
Monitor,Technology,Store_D,1713.31,0.41,127.23,7.43%,High Discount,Low Margin
Keyboard,Technology,Store_D,1214.07,0.54,-25.11,-2.07%,High Discount,Low Margin
Mouse,Technology,Store_B,1674.11,0.45,212.74,12.71%,High Discount,Healthy
Webcam,Technology,Store_B,1573.15,0.05,438.3,27.86%,Normal,Healthy
Printer,Technology,Store_B,766.43,0.54,57.14,7.46%,High Discount,Low Margin
Router,Technology,Store_D,1112.94,0.48,73.09,6.57%,High Discount,Low Margin
USB Drive,Technology,Store_A,1613.41,0.09,377.98,23.43%,Normal,Healthy
Monitor,Technology,Store_A,111.19,0.03,30.56,27.48%,Normal,Healthy
Laptop,Technology,Store_B,1620,0.33,232.37,14.34%,Normal,Healthy
Keyboard,Technology,Store_E,372.22,0.09,35.87,9.64%,Normal,Low Margin
USB Drive,Technology,Store_A,1039.07,0.5,81.71,7.86%,High Discount,Low Margin
Laptop,Technology,Store_D,1620.39,0.22,246.88,15.24%,Normal,Healthy
USB Drive,Technology,Store_C,522.57,0.55,4.23,0.81%,High Discount,Low Margin
Router,Technology,Store_C,506.7,0.34,35.62,7.03%,Normal,Low Margin
Laptop,Technology,Store_C,817.47,0.11,174.93,21.40%,Normal,Healthy
Chair,Furniture,Store_E,1791.39,0.08,295.26,16.48%,Normal,Healthy
Desk,Furniture,Store_B,20.88,0.35,1.27,6.08%,Normal,Low Margin
Chair,Furniture,Store_D,1804.74,0.46,177.54,9.84%,High Discount,Low Margin
Webcam,Technology,Store_E,324.54,0.47,-1.48,-0.46%,High Discount,Low Margin
Desk,Furniture,Store_D,1980.37,0.17,148.8,7.51%,Normal,Low Margin
Chair,Furniture,Store_D,1910.6,0.12,382.66,20.03%,Normal,Healthy
Desk,Furniture,Store_B,999.46,0.01,26.89,2.69%,Normal,Low Margin
Desk,Furniture,Store_C,1035.19,0.41,9.21,0.89%,High Discount,Low Margin
Printer,Technology,Store_B,973.47,0.05,261.52,26.86%,Normal,Healthy
Keyboard,Technology,Store_E,1278.18,0.25,22.49,1.76%,Normal,Low Margin
Keyboard,Technology,Store_E,199.63,0.36,5.28,2.64%,Normal,Low Margin
Printer,Technology,Store_E,84.58,0.56,10.77,12.73%,High Discount,Healthy
USB Drive,Technology,Store_B,134.25,0.19,22.53,16.78%,Normal,Healthy
Mouse,Technology,Store_D,899.84,0.15,149.04,16.56%,Normal,Healthy
USB Drive,Technology,Store_D,565.58,0.39,85.74,15.16%,Normal,Healthy
Laptop,Technology,Store_A,1251.64,0.37,-7.46,-0.60%,Normal,Low Margin
Laptop,Technology,Store_E,1985.04,0.2,312.98,15.77%,Normal,Healthy
Desk,Furniture,Store_D,784.92,0.56,43.62,5.56%,High Discount,Low Margin
Chair,Furniture,Store_A,1156.21,0.51,136.09,11.77%,High Discount,Healthy
Chair,Furniture,Store_D,842.9,0.13,93.76,11.12%,Normal,Healthy
Keyboard,Technology,Store_E,1697.6,0.14,243.93,14.37%,Normal,Healthy
Monitor,Technology,Store_C,1806.43,0.31,146.09,8.09%,Normal,Low Margin
USB Drive,Technology,Store_E,1757.16,0.46,111.35,6.34%,High Discount,Low Margin
Webcam,Technology,Store_B,1949.26,0.03,413.68,21.22%,Normal,Healthy
Router,Technology,Store_D,74.49,0.42,7.34,9.85%,High Discount,Low Margin
Chair,Furniture,Store_D,1682.84,0.39,176.2,10.47%,Normal,Healthy
Router,Technology,Store_B,1508.51,0.14,139.59,9.25%,Normal,Low Margin
Desk,Furniture,Store_B,472.81,0.41,37.91,8.02%,High Discount,Low Margin
Router,Technology,Store_C,1913.51,0.56,177.65,9.28%,High Discount,Low Margin
Webcam,Technology,Store_D,313.39,0.03,72.68,23.19%,Normal,Healthy
Printer,Technology,Store_D,1365.51,0.19,214.35,15.70%,Normal,Healthy
Webcam,Technology,Store_C,465.28,0.26,94.14,20.23%,Normal,Healthy
Router,Technology,Store_A,874.13,0.54,95.34,10.91%,High Discount,Healthy
Webcam,Technology,Store_C,1443.94,0.58,88.94,6.16%,High Discount,Low Margin
Mouse,Technology,Store_E,1135.38,0.27,153.33,13.50%,Normal,Healthy
Desk,Furniture,Store_D,866.45,0.45,130.67,15.08%,High Discount,Healthy
USB Drive,Technology,Store_B,666.15,0.32,75.52,11.34%,Normal,Healthy
Printer,Technology,Store_E,1682.53,0.32,273.08,16.23%,Normal,Healthy
Chair,Furniture,Store_D,304.75,0.17,48.33,15.86%,Normal,Healthy
Laptop,Technology,Store_C,871.6,0.13,108.57,12.46%,Normal,Healthy
USB Drive,Technology,Store_E,1809.44,0.17,52.03,2.88%,Normal,Low Margin
Laptop,Technology,Store_D,1694.78,0.33,112.53,6.64%,Normal,Low Margin
Desk,Furniture,Store_A,813.86,0.02,230.27,28.29%,Normal,Healthy
Printer,Technology,Store_A,1530.95,0.54,126.92,8.29%,High Discount,Low Margin
Keyboard,Technology,Store_B,1649.86,0.09,221.51,13.43%,Normal,Healthy
Chair,Furniture,Store_D,1780,0.13,428.24,24.06%,Normal,Healthy
Mouse,Technology,Store_A,1098.12,0.31,117.66,10.71%,Normal,Healthy
Keyboard,Technology,Store_C,424.83,0.43,32.48,7.65%,High Discount,Low Margin
Desk,Furniture,Store_D,525.51,0.06,106.58,20.28%,Normal,Healthy
USB Drive,Technology,Store_C,605.48,0.19,97.81,16.15%,Normal,Healthy
Mouse,Technology,Store_C,1195.73,0.58,8.84,0.74%,High Discount,Low Margin
Webcam,Technology,Store_A,84.96,0.16,8.2,9.65%,Normal,Low Margin
Router,Technology,Store_D,1279.36,0.19,119.57,9.35%,Normal,Low Margin
Mouse,Technology,Store_E,741.42,0.5,30.54,4.12%,High Discount,Low Margin
Desk,Furniture,Store_A,604.58,0.03,76.85,12.71%,Normal,Healthy
Monitor,Technology,Store_A,1761.4,0.28,119.96,6.81%,Normal,Low Margin
Router,Technology,Store_D,930.8,0.23,14.17,1.52%,Normal,Low Margin
Laptop,Technology,Store_D,208.21,0.19,15.91,7.64%,Normal,Low Margin
Chair,Furniture,Store_C,1656.96,0.17,-33.97,-2.05%,Normal,Low Margin
Laptop,Technology,Store_D,114.33,0.05,16.46,14.40%,Normal,Healthy
Mouse,Technology,Store_C,1458.96,0.19,294,20.15%,Normal,Healthy
Laptop,Technology,Store_A,1552.33,0.03,306.95,19.77%,Normal,Healthy
Desk,Furniture,Store_B,718.15,0.47,28.98,4.04%,High Discount,Low Margin
Webcam,Technology,Store_E,1653.08,0.24,-24.53,-1.48%,Normal,Low Margin
USB Drive,Technology,Store_A,1041.01,0.27,15.77,1.51%,Normal,Low Margin
Chair,Furniture,Store_D,937.32,0.54,60.76,6.48%,High Discount,Low Margin
Laptop,Technology,Store_E,109.9,0.39,1.51,1.37%,Normal,Low Margin
Laptop,Technology,Store_B,594.26,0,83.43,14.04%,Normal,Healthy
Mouse,Technology,Store_B,1863.4,0.57,24.89,1.34%,High Discount,Low Margin
USB Drive,Technology,Store_C,795.81,0.14,169.13,21.25%,Normal,Healthy
Keyboard,Technology,Store_E,1102.47,0.06,92.28,8.37%,Normal,Low Margin
Laptop,Technology,Store_C,1073.4,0.46,20.83,1.94%,High Discount,Low Margin
Desk,Furniture,Store_A,1189.05,0.3,195.03,16.40%,Normal,Healthy
Monitor,Technology,Store_E,141.44,0.26,7.33,5.18%,Normal,Low Margin
Chair,Furniture,Store_A,737.11,0.15,-6.88,-0.93%,Normal,Low Margin
Laptop,Technology,Store_C,1451.79,0.33,145.56,10.03%,Normal,Healthy
Desk,Furniture,Store_E,417.11,0.16,53.8,12.90%,Normal,Healthy
Desk,Furniture,Store_C,423.09,0.54,38.95,9.21%,High Discount,Low Margin
Chair,Furniture,Store_E,39.98,0.13,1.19,2.98%,Normal,Low Margin
Keyboard,Technology,Store_C,886.21,0.53,43.87,4.95%,High Discount,Low Margin
Desk,Furniture,Store_B,1767.81,0.34,56.97,3.22%,Normal,Low Margin
Monitor,Technology,Store_C,122.76,0.5,-1.33,-1.08%,High Discount,Low Margin
Desk,Furniture,Store_B,398.42,0.43,58.32,14.64%,High Discount,Healthy
Desk,Furniture,Store_C,633.97,0.42,75.42,11.90%,High Discount,Healthy
Desk,Furniture,Store_E,1468.81,0.19,66.04,4.50%,Normal,Low Margin
Webcam,Technology,Store_E,1288.46,0.14,177.05,13.74%,Normal,Healthy
Webcam,Technology,Store_E,843.57,0.13,15,1.78%,Normal,Low Margin
Keyboard,Technology,Store_D,1522.96,0.51,195.21,12.82%,High Discount,Healthy
Laptop,Technology,Store_A,1227.07,0.49,-6.12,-0.50%,High Discount,Low Margin
Desk,Furniture,Store_E,1794.16,0.26,-64.6,-3.60%,Normal,Low Margin
USB Drive,Technology,Store_B,1639.69,0.08,189.62,11.56%,Normal,Healthy
Laptop,Technology,Store_E,520.57,0.23,61.77,11.87%,Normal,Healthy
Keyboard,Technology,Store_D,557.45,0.37,53.61,9.62%,Normal,Low Margin
Printer,Technology,Store_B,268.21,0.27,-6.05,-2.26%,Normal,Low Margin
Laptop,Technology,Store_D,687.19,0.47,21.82,3.18%,High Discount,Low Margin
Laptop,Technology,Store_B,1999.1,0.6,99.73,4.99%,High Discount,Low Margin
Router,Technology,Store_C,823.39,0.11,18.91,2.30%,Normal,Low Margin
Mouse,Technology,Store_A,456.57,0.28,83.96,18.39%,Normal,Healthy
Router,Technology,Store_A,1529.72,0.26,-22.09,-1.44%,Normal,Low Margin
Monitor,Technology,Store_D,1094.09,0.18,108.18,9.89%,Normal,Low Margin
Webcam,Technology,Store_A,316.21,0.12,53.43,16.90%,Normal,Healthy
Webcam,Technology,Store_D,773.77,0.04,30.91,3.99%,Normal,Low Margin
Mouse,Technology,Store_D,840.65,0.53,66.57,7.92%,High Discount,Low Margin
Chair,Furniture,Store_D,1512.58,0.25,272.59,18.02%,Normal,Healthy
Chair,Furniture,Store_A,60.93,0.3,0.71,1.17%,Normal,Low Margin
Keyboard,Technology,Store_D,552.66,0.55,67.4,12.20%,High Discount,Healthy
Mouse,Technology,Store_A,1044.84,0.47,79.6,7.62%,High Discount,Low Margin
Laptop,Technology,Store_D,552.32,0.08,27.81,5.04%,Normal,Low Margin
Chair,Furniture,Store_E,1264.3,0.34,84.11,6.65%,Normal,Low Margin
Desk,Furniture,Store_D,974.1,0.27,42.14,4.33%,Normal,Low Margin
USB Drive,Technology,Store_B,736.19,0.48,78.01,10.60%,High Discount,Healthy
Laptop,Technology,Store_D,1899.43,0.43,247.61,13.04%,High Discount,Healthy
Monitor,Technology,Store_C,1271.68,0.41,181.22,14.25%,High Discount,Healthy
Desk,Furniture,Store_D,277.28,0.2,65.44,23.60%,Normal,Healthy
Desk,Furniture,Store_B,1128.98,0.48,133.24,11.80%,High Discount,Healthy
Mouse,Technology,Store_B,1565.85,0.03,243.76,15.57%,Normal,Healthy
Keyboard,Technology,Store_A,1422.81,0.1,88.01,6.19%,Normal,Low Margin
Monitor,Technology,Store_E,360.74,0.2,40.58,11.25%,Normal,Healthy
Chair,Furniture,Store_D,1945.39,0.05,-65.84,-3.38%,Normal,Low Margin
Mouse,Technology,Store_A,908.65,0.14,164.64,18.12%,Normal,Healthy
Chair,Furniture,Store_E,334.87,0.5,17.76,5.30%,High Discount,Low Margin
Mouse,Technology,Store_D,376.79,0.57,-6.97,-1.85%,High Discount,Low Margin
Mouse,Technology,Store_C,214.51,0.18,-4.95,-2.31%,Normal,Low Margin
Mouse,Technology,Store_D,1610.97,0.16,115.85,7.19%,Normal,Low Margin
Keyboard,Technology,Store_B,261.62,0.17,33.48,12.80%,Normal,Healthy
Mouse,Technology,Store_B,267.75,0.17,24.99,9.33%,Normal,Low Margin
Printer,Technology,Store_C,1703.93,0.02,278.4,16.34%,Normal,Healthy
USB Drive,Technology,Store_A,702.32,0.56,36.5,5.20%,High Discount,Low Margin
Chair,Furniture,Store_E,81.1,0.13,12.81,15.80%,Normal,Healthy
Laptop,Technology,Store_D,122.75,0.25,2.46,2.00%,Normal,Low Margin
Router,Technology,Store_B,301.5,0.01,-3.14,-1.04%,Normal,Low Margin
Monitor,Technology,Store_A,442.52,0.51,34.42,7.78%,High Discount,Low Margin
Webcam,Technology,Store_C,1336.99,0.44,89.58,6.70%,High Discount,Low Margin
Keyboard,Technology,Store_B,331.51,0.57,-5.79,-1.75%,High Discount,Low Margin
Laptop,Technology,Store_C,255.37,0.47,11.26,4.41%,High Discount,Low Margin
Desk,Furniture,Store_D,1534.14,0.19,-15.98,-1.04%,Normal,Low Margin
Printer,Technology,Store_E,1348.69,0.15,155.88,11.56%,Normal,Healthy
Webcam,Technology,Store_B,881.94,0.42,45.28,5.13%,High Discount,Low Margin
Router,Technology,Store_B,1107.63,0.22,142.21,12.84%,Normal,Healthy
Laptop,Technology,Store_D,637.73,0.34,97.63,15.31%,Normal,Healthy
Webcam,Technology,Store_A,975.35,0,53.53,5.49%,Normal,Low Margin
Laptop,Technology,Store_E,1023.21,0.04,281.66,27.53%,Normal,Healthy
Printer,Technology,Store_B,786.73,0.32,73.54,9.35%,Normal,Low Margin
Router,Technology,Store_E,1815.01,0.34,199.33,10.98%,Normal,Healthy
Desk,Furniture,Store_B,51.8,0.45,5.36,10.35%,High Discount,Healthy
Mouse,Technology,Store_E,1568.7,0.08,264.62,16.87%,Normal,Healthy
Chair,Furniture,Store_C,266.28,0.31,23.67,8.89%,Normal,Low Margin
Desk,Furniture,Store_B,1599.14,0.12,140.82,8.81%,Normal,Low Margin
Mouse,Technology,Store_E,1239.51,0.06,-36.32,-2.93%,Normal,Low Margin
Keyboard,Technology,Store_A,1689.69,0.25,-53.57,-3.17%,Normal,Low Margin
USB Drive,Technology,Store_C,213.08,0.1,14.44,6.78%,Normal,Low Margin
Monitor,Technology,Store_C,1126.78,0.13,65.47,5.81%,Normal,Low Margin
Monitor,Technology,Store_A,1012.15,0.19,70.25,6.94%,Normal,Low Margin
Chair,Furniture,Store_E,1418.26,0.16,-1.87,-0.13%,Normal,Low Margin
Router,Technology,Store_D,1077.9,0.05,213.36,19.79%,Normal,Healthy
Printer,Technology,Store_A,1090.65,0.05,258.96,23.74%,Normal,Healthy
Router,Technology,Store_E,870.6,0.12,213.41,24.51%,Normal,Healthy
Printer,Technology,Store_A,631.49,0.03,74.93,11.87%,Normal,Healthy
Router,Technology,Store_A,974.88,0.38,118.05,12.11%,Normal,Healthy
USB Drive,Technology,Store_B,254.61,0.17,52.71,20.70%,Normal,Healthy
Keyboard,Technology,Store_E,1923.8,0.17,153.93,8.00%,Normal,Low Margin
Keyboard,Technology,Store_D,1434.53,0.2,66.9,4.66%,Normal,Low Margin
Mouse,Technology,Store_B,1905.88,0.4,317.73,16.67%,High Discount,Healthy
Webcam,Technology,Store_A,468.92,0.52,29.37,6.26%,High Discount,Low Margin
Keyboard,Technology,Store_A,1761.1,0.46,117.96,6.70%,High Discount,Low Margin
Keyboard,Technology,Store_A,1621.4,0.44,11.3,0.70%,High Discount,Low Margin
Desk,Furniture,Store_E,1360.76,0.29,-11.73,-0.86%,Normal,Low Margin
Desk,Furniture,Store_E,1257.56,0.42,178.51,14.19%,High Discount,Healthy
Mouse,Technology,Store_B,646.77,0.33,71.48,11.05%,Normal,Healthy
Webcam,Technology,Store_D,1636.49,0.13,91.17,5.57%,Normal,Low Margin
Chair,Furniture,Store_B,1013,0.13,15.08,1.49%,Normal,Low Margin
Desk,Furniture,Store_C,160.37,0.18,18.99,11.84%,Normal,Healthy
Chair,Furniture,Store_A,639.47,0.55,44.42,6.95%,High Discount,Low Margin
Laptop,Technology,Store_A,1871.89,0.33,28.15,1.50%,Normal,Low Margin
Desk,Furniture,Store_A,1704.35,0.44,236.69,13.89%,High Discount,Healthy
USB Drive,Technology,Store_B,1964.17,0.21,-31.82,-1.62%,Normal,Low Margin
Webcam,Technology,Store_B,1263.43,0.24,71.66,5.67%,Normal,Low Margin
Mouse,Technology,Store_A,510.07,0.08,88.28,17.31%,Normal,Healthy
Laptop,Technology,Store_B,342.37,0.1,14.16,4.14%,Normal,Low Margin
Webcam,Technology,Store_E,390.09,0.5,46.75,11.98%,High Discount,Healthy
USB Drive,Technology,Store_E,59.2,0.35,8.04,13.58%,Normal,Healthy
Webcam,Technology,Store_B,793.55,0.2,143.57,18.09%,Normal,Healthy
USB Drive,Technology,Store_A,399.03,0.48,-1.72,-0.43%,High Discount,Low Margin
USB Drive,Technology,Store_B,835.08,0.15,-0.57,-0.07%,Normal,Low Margin
Chair,Furniture,Store_B,1871.29,0.59,38.57,2.06%,High Discount,Low Margin
Router,Technology,Store_B,872.47,0.21,90.52,10.38%,Normal,Healthy
Laptop,Technology,Store_C,1758.41,0.2,297.95,16.94%,Normal,Healthy
Webcam,Technology,Store_E,1218.9,0.19,239.7,19.67%,Normal,Healthy
Printer,Technology,Store_D,509.32,0.07,93.08,18.28%,Normal,Healthy
Laptop,Technology,Store_D,724.59,0.07,185.32,25.58%,Normal,Healthy
Router,Technology,Store_C,186.16,0.39,23.68,12.72%,Normal,Healthy
Laptop,Technology,Store_B,680.26,0.53,18.29,2.69%,High Discount,Low Margin
Keyboard,Technology,Store_C,1361.53,0.47,30.87,2.27%,High Discount,Low Margin
Printer,Technology,Store_C,162.78,0.08,29,17.82%,Normal,Healthy
Router,Technology,Store_A,426.69,0.33,5,1.17%,Normal,Low Margin
Chair,Furniture,Store_E,775.25,0.06,-12.79,-1.65%,Normal,Low Margin
Webcam,Technology,Store_D,1964.46,0.03,259.68,13.22%,Normal,Healthy
Monitor,Technology,Store_B,1574.03,0.39,228.11,14.49%,Normal,Healthy
Router,Technology,Store_D,1472.3,0.32,-14.53,-0.99%,Normal,Low Margin
Mouse,Technology,Store_D,250.06,0.05,53.96,21.58%,Normal,Healthy
Webcam,Technology,Store_E,1566.37,0.02,359.28,22.94%,Normal,Healthy
Router,Technology,Store_D,1574.83,0.59,76.7,4.87%,High Discount,Low Margin
Keyboard,Technology,Store_D,1210.18,0.02,-35.51,-2.93%,Normal,Low Margin
Monitor,Technology,Store_C,1980.92,0.27,16.06,0.81%,Normal,Low Margin
Keyboard,Technology,Store_E,664,0.3,91.84,13.83%,Normal,Healthy
Monitor,Technology,Store_A,1883.72,0.07,348.83,18.52%,Normal,Healthy
Mouse,Technology,Store_B,1831.17,0.1,435.79,23.80%,Normal,Healthy
Webcam,Technology,Store_D,42.73,0.21,5.2,12.17%,Normal,Healthy
Chair,Furniture,Store_B,911.23,0.46,-3.23,-0.35%,High Discount,Low Margin
Keyboard,Technology,Store_A,1954.67,0.3,-10.27,-0.53%,Normal,Low Margin
Keyboard,Technology,Store_B,224.18,0.38,28.13,12.55%,Normal,Healthy
USB Drive,Technology,Store_A,1104.61,0.59,6.49,0.59%,High Discount,Low Margin
Monitor,Technology,Store_C,1958.34,0.46,68.67,3.51%,High Discount,Low Margin
Desk,Furniture,Store_D,1119.88,0.26,99.88,8.92%,Normal,Low Margin
Webcam,Technology,Store_A,395.83,0.27,-11.94,-3.02%,Normal,Low Margin
Monitor,Technology,Store_B,1172.72,0.37,27.4,2.34%,Normal,Low Margin
USB Drive,Technology,Store_D,424.79,0.4,23.64,5.57%,High Discount,Low Margin
Laptop,Technology,Store_C,1049.01,0.3,35.15,3.35%,Normal,Low Margin
Monitor,Technology,Store_D,166.6,0.39,-0.23,-0.14%,Normal,Low Margin
Chair,Furniture,Store_A,1218.86,0.01,247.13,20.28%,Normal,Healthy
Webcam,Technology,Store_C,1043.24,0.26,181.11,17.36%,Normal,Healthy
USB Drive,Technology,Store_B,1485.52,0.17,49.46,3.33%,Normal,Low Margin
Laptop,Technology,Store_C,1268.79,0.08,258.03,20.34%,Normal,Healthy
Printer,Technology,Store_C,1108.22,0.06,88.49,7.98%,Normal,Low Margin
USB Drive,Technology,Store_E,1385.76,0.36,112.94,8.15%,Normal,Low Margin
Printer,Technology,Store_C,305,0.31,52.53,17.22%,Normal,Healthy
Webcam,Technology,Store_C,1198.81,0.15,216.52,18.06%,Normal,Healthy
Keyboard,Technology,Store_D,360.78,0.28,60.21,16.69%,Normal,Healthy
USB Drive,Technology,Store_B,1852.53,0.3,-2.73,-0.15%,Normal,Low Margin
Mouse,Technology,Store_D,155.3,0.12,-3.5,-2.25%,Normal,Low Margin
Printer,Technology,Store_D,872.14,0.39,139.75,16.02%,Normal,Healthy
Chair,Furniture,Store_A,1397.68,0.47,63.52,4.54%,High Discount,Low Margin
Mouse,Technology,Store_D,926.88,0.47,24.93,2.69%,High Discount,Low Margin
Router,Technology,Store_E,202.35,0.36,26.37,13.03%,Normal,Healthy
Router,Technology,Store_E,1115.69,0.31,186.87,16.75%,Normal,Healthy
Laptop,Technology,Store_A,1290.43,0.04,312.02,24.18%,Normal,Healthy
Keyboard,Technology,Store_B,1413.51,0.17,71.1,5.03%,Normal,Low Margin
Webcam,Technology,Store_B,759.05,0.06,177.15,23.34%,Normal,Healthy
USB Drive,Technology,Store_D,1136.05,0.58,-17.02,-1.50%,High Discount,Low Margin
Desk,Furniture,Store_D,912.36,0.08,-27.38,-3.00%,Normal,Low Margin
Chair,Furniture,Store_D,1350.67,0.09,206.78,15.31%,Normal,Healthy
Printer,Technology,Store_B,1175.44,0.53,-15.42,-1.31%,High Discount,Low Margin
Webcam,Technology,Store_C,1061,0.57,29.02,2.74%,High Discount,Low Margin
Mouse,Technology,Store_E,514.06,0.46,51.48,10.01%,High Discount,Healthy
Router,Technology,Store_C,24,0,1.63,6.79%,Normal,Low Margin
Chair,Furniture,Store_C,364.68,0,4.69,1.29%,Normal,Low Margin
Desk,Furniture,Store_B,251.79,0.23,9.4,3.73%,Normal,Low Margin
USB Drive,Technology,Store_C,909.19,0.09,91.14,10.02%,Normal,Healthy
Laptop,Technology,Store_A,1232.27,0.01,141.98,11.52%,Normal,Healthy
Desk,Furniture,Store_D,441.91,0.28,71.29,16.13%,Normal,Healthy
Chair,Furniture,Store_A,1879.33,0.57,171.77,9.14%,High Discount,Low Margin
Desk,Furniture,Store_E,33.23,0.19,2.96,8.91%,Normal,Low Margin
Chair,Furniture,Store_D,1549.16,0.4,228.64,14.76%,High Discount,Healthy
Chair,Furniture,Store_C,1257.91,0.39,-7.69,-0.61%,Normal,Low Margin
Monitor,Technology,Store_E,759.64,0.15,25.42,3.35%,Normal,Low Margin
Printer,Technology,Store_D,119.97,0.39,17.55,14.63%,Normal,Healthy
Router,Technology,Store_C,1262.42,0.13,90.39,7.16%,Normal,Low Margin
Monitor,Technology,Store_A,783.51,0.07,213.8,27.29%,Normal,Healthy
USB Drive,Technology,Store_D,1873.81,0.42,123.01,6.56%,High Discount,Low Margin
Monitor,Technology,Store_C,1093.14,0.07,230.95,21.13%,Normal,Healthy
Keyboard,Technology,Store_A,1880.51,0.6,68.31,3.63%,High Discount,Low Margin
Keyboard,Technology,Store_E,456.56,0.11,40.12,8.79%,Normal,Low Margin
Router,Technology,Store_E,1456.94,0.36,78.33,5.38%,Normal,Low Margin
Desk,Furniture,Store_E,1242.15,0.25,187.88,15.13%,Normal,Healthy
Printer,Technology,Store_E,1484.03,0.08,193.37,13.03%,Normal,Healthy
Router,Technology,Store_B,445.04,0.02,122.26,27.47%,Normal,Healthy
Chair,Furniture,Store_D,1336.69,0.37,31.84,2.38%,Normal,Low Margin
Mouse,Technology,Store_D,1006.12,0.48,-7.74,-0.77%,High Discount,Low Margin
Printer,Technology,Store_B,1490.79,0.51,64.02,4.29%,High Discount,Low Margin
Printer,Technology,Store_C,667.55,0.29,78.61,11.78%,Normal,Healthy
Chair,Furniture,Store_C,1782.31,0.47,237.36,13.32%,High Discount,Healthy
Chair,Furniture,Store_E,186.92,0.4,7.98,4.27%,High Discount,Low Margin
Laptop,Technology,Store_A,1618.23,0.43,164.95,10.19%,High Discount,Healthy
Router,Technology,Store_C,1725.41,0.3,87.65,5.08%,Normal,Low Margin
Chair,Furniture,Store_A,1638.16,0.38,168.63,10.29%,Normal,Healthy
Keyboard,Technology,Store_D,1035.2,0.48,139.79,13.50%,High Discount,Healthy
USB Drive,Technology,Store_A,888,0.24,20.9,2.35%,Normal,Low Margin
Mouse,Technology,Store_D,1992.6,0.48,94.79,4.76%,High Discount,Low Margin
Router,Technology,Store_B,473.76,0.36,90.25,19.05%,Normal,Healthy
Webcam,Technology,Store_B,1102.81,0.1,252.1,22.86%,Normal,Healthy
Keyboard,Technology,Store_E,1347.94,0.01,197,14.61%,Normal,Healthy
Desk,Furniture,Store_C,1407.72,0.22,143.64,10.20%,Normal,Healthy
Chair,Furniture,Store_E,423.97,0.33,14.09,3.32%,Normal,Low Margin
Webcam,Technology,Store_D,1314.91,0.5,86.14,6.55%,High Discount,Low Margin
Chair,Furniture,Store_E,1640.37,0.08,372.55,22.71%,Normal,Healthy
Printer,Technology,Store_A,119.04,0.48,11.75,9.87%,High Discount,Low Margin
Keyboard,Technology,Store_D,1824.81,0.52,45.12,2.47%,High Discount,Low Margin
Printer,Technology,Store_B,78.42,0.09,1.46,1.86%,Normal,Low Margin
Laptop,Technology,Store_C,724.82,0.51,15.21,2.10%,High Discount,Low Margin
Printer,Technology,Store_D,51.31,0.59,0.2,0.39%,High Discount,Low Margin
Laptop,Technology,Store_D,172.75,0.44,-1.6,-0.93%,High Discount,Low Margin
Laptop,Technology,Store_A,1824.11,0.47,93.49,5.13%,High Discount,Low Margin
Webcam,Technology,Store_C,722.62,0.6,-2.99,-0.41%,High Discount,Low Margin
Chair,Furniture,Store_B,861.05,0.36,5.6,0.65%,Normal,Low Margin
Desk,Furniture,Store_D,446.38,0.18,51.82,11.61%,Normal,Healthy
Printer,Technology,Store_D,1202.25,0.5,4.57,0.38%,High Discount,Low Margin
Keyboard,Technology,Store_A,1197.71,0.37,-20.86,-1.74%,Normal,Low Margin
Laptop,Technology,Store_E,756.96,0.35,30.06,3.97%,Normal,Low Margin
Chair,Furniture,Store_B,679.41,0.15,15.66,2.30%,Normal,Low Margin
Mouse,Technology,Store_C,1772.23,0.45,127.06,7.17%,High Discount,Low Margin
Router,Technology,Store_D,778.9,0.05,-10.49,-1.35%,Normal,Low Margin
Webcam,Technology,Store_D,997.13,0.55,95.63,9.59%,High Discount,Low Margin
Desk,Furniture,Store_B,580.94,0.2,124.17,21.37%,Normal,Healthy
Monitor,Technology,Store_E,1577.8,0.08,305.12,19.34%,Normal,Healthy
Webcam,Technology,Store_D,806.95,0.27,80.4,9.96%,Normal,Low Margin
Mouse,Technology,Store_B,1036.95,0.03,252.7,24.37%,Normal,Healthy
Router,Technology,Store_A,521.65,0.41,59.47,11.40%,High Discount,Healthy
Mouse,Technology,Store_E,1975.57,0.54,-42.08,-2.13%,High Discount,Low Margin
Printer,Technology,Store_C,597.16,0.5,26.25,4.40%,High Discount,Low Margin
Laptop,Technology,Store_D,1546.07,0.08,352.51,22.80%,Normal,Healthy
Desk,Furniture,Store_B,866.44,0.08,56.64,6.54%,Normal,Low Margin
USB Drive,Technology,Store_A,428.31,0.49,-8.23,-1.92%,High Discount,Low Margin
Laptop,Technology,Store_C,1603.44,0.55,152.36,9.50%,High Discount,Low Margin
USB Drive,Technology,Store_B,680.54,0.28,113.05,16.61%,Normal,Healthy
Router,Technology,Store_B,1733.08,0.3,7.53,0.43%,Normal,Low Margin
Chair,Furniture,Store_C,1832.21,0.19,204.91,11.18%,Normal,Healthy
Monitor,Technology,Store_A,1722.45,0.54,13.62,0.79%,High Discount,Low Margin
Keyboard,Technology,Store_A,89.32,0.39,10.99,12.30%,Normal,Healthy
Laptop,Technology,Store_E,1579,0.17,59.03,3.74%,Normal,Low Margin
Desk,Furniture,Store_D,834.45,0.18,41.52,4.98%,Normal,Low Margin
Mouse,Technology,Store_C,1749.97,0.53,202.12,11.55%,High Discount,Healthy
Desk,Furniture,Store_C,1283.15,0.01,148.26,11.55%,Normal,Healthy
Router,Technology,Store_C,1670.61,0.19,249.55,14.94%,Normal,Healthy
USB Drive,Technology,Store_A,1008.87,0.33,61.4,6.09%,Normal,Low Margin
Mouse,Technology,Store_D,1079.35,0.09,53.34,4.94%,Normal,Low Margin
Keyboard,Technology,Store_E,305.89,0.06,48.57,15.88%,Normal,Healthy
Keyboard,Technology,Store_B,1572.29,0.49,3.37,0.21%,High Discount,Low Margin
Laptop,Technology,Store_B,850.39,0.54,31.51,3.71%,High Discount,Low Margin
Router,Technology,Store_C,1010.16,0.49,11.93,1.18%,High Discount,Low Margin
Chair,Furniture,Store_D,1574.49,0.54,140.17,8.90%,High Discount,Low Margin
Router,Technology,Store_A,1205.71,0.33,226.57,18.79%,Normal,Healthy
USB Drive,Technology,Store_D,418.18,0.49,63.65,15.22%,High Discount,Healthy
Desk,Furniture,Store_D,1188.66,0.23,98.48,8.28%,Normal,Low Margin
Keyboard,Technology,Store_A,827.11,0.4,19.05,2.30%,High Discount,Low Margin
Desk,Furniture,Store_C,949.66,0.59,40.88,4.30%,High Discount,Low Margin
Desk,Furniture,Store_D,76.06,0.14,16.13,21.21%,Normal,Healthy
Desk,Furniture,Store_B,435.86,0.23,7.42,1.70%,Normal,Low Margin
Keyboard,Technology,Store_A,576.46,0.29,115.92,20.11%,Normal,Healthy
Webcam,Technology,Store_E,1431.66,0.08,91.74,6.41%,Normal,Low Margin
Printer,Technology,Store_C,42.76,0.05,11.98,28.02%,Normal,Healthy
USB Drive,Technology,Store_A,829.38,0.5,100.98,12.18%,High Discount,Healthy
Webcam,Technology,Store_E,1849.57,0.59,176.69,9.55%,High Discount,Low Margin
USB Drive,Technology,Store_E,241.52,0.24,11.25,4.66%,Normal,Low Margin
Mouse,Technology,Store_D,1042.52,0.05,-46.48,-4.46%,Normal,Low Margin
Router,Technology,Store_D,1577.31,0.04,126.81,8.04%,Normal,Low Margin
Router,Technology,Store_D,1886.21,0.53,49.32,2.61%,High Discount,Low Margin
Monitor,Technology,Store_A,1498.62,0.28,-39.83,-2.66%,Normal,Low Margin
Router,Technology,Store_A,1446.72,0.19,148.68,10.28%,Normal,Healthy
Keyboard,Technology,Store_C,1656.45,0.29,107.09,6.47%,Normal,Low Margin
Chair,Furniture,Store_D,903.48,0.19,125.94,13.94%,Normal,Healthy
Laptop,Technology,Store_E,1615.57,0.29,192.03,11.89%,Normal,Healthy
Monitor,Technology,Store_B,35.77,0.52,-0.13,-0.36%,High Discount,Low Margin
Laptop,Technology,Store_C,1850.63,0.36,345.77,18.68%,Normal,Healthy
USB Drive,Technology,Store_A,897.75,0.42,8.03,0.89%,High Discount,Low Margin
Laptop,Technology,Store_C,1115.69,0.22,92.11,8.26%,Normal,Low Margin
Laptop,Technology,Store_C,524.67,0.44,35.5,6.77%,High Discount,Low Margin
Monitor,Technology,Store_C,1490.21,0.4,209.74,14.07%,High Discount,Healthy
Mouse,Technology,Store_C,171.74,0.07,-2.44,-1.42%,Normal,Low Margin
Desk,Furniture,Store_B,1747.82,0.34,115.39,6.60%,Normal,Low Margin
Router,Technology,Store_D,1659.67,0.15,239.79,14.45%,Normal,Healthy
Router,Technology,Store_E,447.8,0.48,5.89,1.32%,High Discount,Low Margin
Keyboard,Technology,Store_C,1622.46,0.26,203.64,12.55%,Normal,Healthy
Monitor,Technology,Store_C,1576.99,0.6,172.39,10.93%,High Discount,Healthy
Keyboard,Technology,Store_C,1271.79,0.06,357.61,28.12%,Normal,Healthy
Chair,Furniture,Store_D,759.57,0.47,-15.56,-2.05%,High Discount,Low Margin
Chair,Furniture,Store_A,557.57,0.4,10.86,1.95%,High Discount,Low Margin
Keyboard,Technology,Store_A,478.93,0.46,15.16,3.17%,High Discount,Low Margin
Monitor,Technology,Store_B,650.85,0.18,47.87,7.35%,Normal,Low Margin
Keyboard,Technology,Store_A,1809.05,0.3,44.06,2.44%,Normal,Low Margin
Router,Technology,Store_C,173.73,0.48,1.92,1.11%,High Discount,Low Margin
Webcam,Technology,Store_C,1661.17,0.14,405.86,24.43%,Normal,Healthy
Printer,Technology,Store_C,710.8,0.14,165.95,23.35%,Normal,Healthy
Laptop,Technology,Store_B,1052.77,0.33,-23.67,-2.25%,Normal,Low Margin
Printer,Technology,Store_C,1593.08,0.31,75.39,4.73%,Normal,Low Margin
Monitor,Technology,Store_A,1771.07,0.17,134.95,7.62%,Normal,Low Margin
Printer,Technology,Store_D,702.67,0.18,19.39,2.76%,Normal,Low Margin
Chair,Furniture,Store_D,934.45,0.17,131.93,14.12%,Normal,Healthy
USB Drive,Technology,Store_E,840.74,0.46,79.06,9.40%,High Discount,Low Margin
Laptop,Technology,Store_A,46.24,0.39,6.99,15.12%,Normal,Healthy
Desk,Furniture,Store_C,605.97,0.5,63.42,10.47%,High Discount,Healthy
Monitor,Technology,Store_D,929.19,0.59,53.3,5.74%,High Discount,Low Margin
Laptop,Technology,Store_A,833.97,0.28,107.34,12.87%,Normal,Healthy
Printer,Technology,Store_D,1449.42,0.04,63.86,4.41%,Normal,Low Margin
Chair,Furniture,Store_C,781.91,0.03,119.51,15.28%,Normal,Healthy
Mouse,Technology,Store_D,988.97,0.18,98.31,9.94%,Normal,Low Margin
Webcam,Technology,Store_E,870.63,0.56,-1.28,-0.15%,High Discount,Low Margin
Desk,Furniture,Store_E,1486.44,0.31,35.79,2.41%,Normal,Low Margin
Webcam,Technology,Store_D,1728.69,0.16,75.64,4.38%,Normal,Low Margin
Laptop,Technology,Store_A,1073.14,0.24,223.07,20.79%,Normal,Healthy
Chair,Furniture,Store_A,1583.08,0.36,31.04,1.96%,Normal,Low Margin
Chair,Furniture,Store_A,607.64,0.39,18.99,3.13%,Normal,Low Margin
Printer,Technology,Store_D,1091.91,0.09,78.77,7.21%,Normal,Low Margin
Router,Technology,Store_A,703.56,0.59,52.59,7.47%,High Discount,Low Margin
Printer,Technology,Store_C,840.12,0.33,-4.85,-0.58%,Normal,Low Margin
Router,Technology,Store_E,1470.18,0.08,383.97,26.12%,Normal,Healthy
Router,Technology,Store_C,1765.69,0.54,205.45,11.64%,High Discount,Healthy
Desk,Furniture,Store_A,260.56,0.04,38.03,14.60%,Normal,Healthy
Printer,Technology,Store_C,1276.59,0.54,109.17,8.55%,High Discount,Low Margin
Mouse,Technology,Store_A,1172.64,0.6,-20.72,-1.77%,High Discount,Low Margin
Keyboard,Technology,Store_D,254.46,0.42,10.13,3.98%,High Discount,Low Margin
Keyboard,Technology,Store_C,439.55,0.46,54.23,12.34%,High Discount,Healthy
Printer,Technology,Store_D,635.78,0.2,-11.64,-1.83%,Normal,Low Margin
Printer,Technology,Store_D,350.52,0.56,7.53,2.15%,High Discount,Low Margin
Webcam,Technology,Store_B,502.58,0.32,52.92,10.53%,Normal,Healthy
Desk,Furniture,Store_A,549.85,0.44,12.24,2.23%,High Discount,Low Margin
Printer,Technology,Store_E,684.63,0.55,85.31,12.46%,High Discount,Healthy
Webcam,Technology,Store_A,1503.79,0.59,-2.55,-0.17%,High Discount,Low Margin
Router,Technology,Store_E,1152.39,0.5,132,11.45%,High Discount,Healthy
Chair,Furniture,Store_A,1972.77,0.18,206.71,10.48%,Normal,Healthy
Chair,Furniture,Store_D,841.18,0.58,75.12,8.93%,High Discount,Low Margin
Router,Technology,Store_C,1512.65,0.38,55.1,3.64%,Normal,Low Margin
Monitor,Technology,Store_C,1745.51,0.56,99.9,5.72%,High Discount,Low Margin
Webcam,Technology,Store_B,1364.38,0.41,201.16,14.74%,High Discount,Healthy
Webcam,Technology,Store_E,835.49,0.18,77.7,9.30%,Normal,Low Margin
Router,Technology,Store_E,1512.12,0.22,89.52,5.92%,Normal,Low Margin
Mouse,Technology,Store_E,423.26,0.33,39.04,9.22%,Normal,Low Margin
USB Drive,Technology,Store_D,668.55,0.47,71.25,10.66%,High Discount,Healthy